<?xml version="1.0"?>
<data grt_format="2.0">
  <value _ptr_="000001B57ECF2A10" type="list" content-type="object" content-struct-name="db.mgmt.Connection">
    <value type="object" struct-name="db.mgmt.Connection" id="{8CBAAA94-FBC2-47D4-9C22-FD4518F8C54D}" struct-checksum="0x96ba47d8">
      <link type="object" struct-name="db.mgmt.Driver" key="driver">com.mysql.rdbms.mysql.driver.native</link>
      <value type="string" key="hostIdentifier">Mysql@localhost:3306</value>
      <value type="int" key="isDefault">0</value>
      <value _ptr_="000001B57EAF9040" type="dict" key="modules"/>
      <value _ptr_="000001B57EAFA3C0" type="dict" key="parameterValues">
        <value type="string" key="hostName">localhost</value>
        <value type="int" key="lastConnected">1670973326</value>
        <value type="int" key="port">3306</value>
        <value type="string" key="serverVersion">8.0.31</value>
        <value type="string" key="userName">root</value>
      </value>
      <value type="string" key="name">Local instance MySQL80</value>
      <link type="object" struct-name="GrtObject" key="owner">{BC77C6FF-1172-4DED-8BB7-45D260D84BF5}</link>
    </value>
  </value>
</data>
