<?xml version="1.0"?>
<data grt_format="2.0">
  <value _ptr_="000001B57ECF25B0" type="list" content-type="object" content-struct-name="db.mgmt.ServerInstance">
    <value type="object" struct-name="db.mgmt.ServerInstance" id="{BA6BB188-EB2A-41CA-BA48-3F375F9EB8A2}" struct-checksum="0x367436e2">
      <link type="object" struct-name="db.mgmt.Connection" key="connection">{8CBAAA94-FBC2-47D4-9C22-FD4518F8C54D}</link>
      <value _ptr_="000001B57EAFA5A0" type="dict" key="loginInfo">
        <value type="string" key="wmi.hostName"></value>
        <value type="string" key="wmi.userName"></value>
      </value>
      <value _ptr_="000001B57EAF9760" type="dict" key="serverInfo">
        <value type="string" key="serverVersion">8.0.31</value>
        <value type="int" key="setupPending">1</value>
        <value type="string" key="sys.config.path">C:\ProgramData\MySQL\MySQL Server 8.0\my.ini</value>
        <value type="int" key="sys.config.path.lock">1</value>
        <value type="string" key="sys.config.section">mysqld</value>
        <value type="string" key="sys.mysqld.service_name">MySQL80</value>
        <value type="string" key="sys.preset">Custom</value>
        <value type="string" key="sys.system">Windows</value>
        <value type="int" key="windowsAdmin">1</value>
      </value>
      <value type="string" key="name">Local MySQL80</value>
    </value>
    <value type="object" struct-name="db.mgmt.ServerInstance" id="{963D4C88-AF93-4C68-80B0-71393970FDD9}" struct-checksum="0x367436e2">
      <link type="object" struct-name="db.mgmt.Connection" key="connection">{A67F118D-A9B1-4A22-B310-DC9920C9F7B8}</link>
      <value _ptr_="000001B5039C2AC0" type="dict" key="loginInfo">
        <value type="string" key="ssh.hostName"></value>
        <value type="string" key="ssh.key">C:\Users\Gabriela\AppData\Roaming/.ssh/ssh_private_key</value>
        <value type="string" key="ssh.localPort">3306</value>
        <value type="int" key="ssh.useKey">0</value>
        <value type="string" key="ssh.userName">mysql</value>
      </value>
      <value _ptr_="000001B5039C2EE0" type="dict" key="serverInfo">
        <value type="int" key="setupPending">1</value>
        <value type="int" key="windowsAdmin">1</value>
      </value>
      <value type="string" key="name"></value>
      <link type="object" struct-name="GrtObject" key="owner">{BC77C6FF-1172-4DED-8BB7-45D260D84BF5}</link>
    </value>
  </value>
</data>
